sample,distance,time_min,time_sec,speed_sec_per_mi
1,3.5,27,1620,462.8571429
2,3.1,24,1440,464.516129
3,7.1,58,3480,490.1408451
4,4,35,2100,525
5,5.4,48,2880,533.3333333
6,13.5,130,7800,577.7777778
7,3.3,33,1980,600
8,4.1,35,2100,512.195122
9,3.2,26,1560,487.5
10,3.1,25,1500,483.8709677